{"inputUnits":[34],"outputUnits":2,"inputs":{"0":{"dtype":"number","min":390.35797773513644,"max":516.0902496992263},"1":{"dtype":"number","min":188.12774122807014,"max":280.33872935274655},"2":{"dtype":"number","min":403.28558908800863,"max":517.8441121657224},"3":{"dtype":"number","min":195.8660391943264,"max":253.57050310101425},"4":{"dtype":"number","min":387.9916982669347,"max":502.4151852256373},"5":{"dtype":"number","min":195.44371785243817,"max":254.4756092569749},"6":{"dtype":"number","min":441.23901798478806,"max":541.0963246603923},"7":{"dtype":"number","min":183.4197748195358,"max":256.28358539782073},"8":{"dtype":"number","min":375.4341277183845,"max":407.44399756716007},"9":{"dtype":"number","min":196.04619403563976,"max":263.1709170573868},"10":{"dtype":"number","min":436.26698811848956,"max":615.5086834110015},"11":{"dtype":"number","min":201.69404206452543,"max":362.2321624458417},"12":{"dtype":"number","min":350.5926787318774,"max":544.6846951192815},"13":{"dtype":"number","min":195.210464209841,"max":344.2969321089181},"14":{"dtype":"number","min":486.8404824180677,"max":654.5277699253015},"15":{"dtype":"number","min":308.8286788375289,"max":513.3451524998477},"16":{"dtype":"number","min":236.34987397965398,"max":554.4207082529049},"17":{"dtype":"number","min":280.50270839044225,"max":476.6341657434058},"18":{"dtype":"number","min":461.5983406052022,"max":565.886920534844},"19":{"dtype":"number","min":274.49724163925436,"max":485.37429184941516},"20":{"dtype":"number","min":239.5432435792324,"max":568.5206160814906},"21":{"dtype":"number","min":234.96168467501218,"max":478.1371070906432},"22":{"dtype":"number","min":437.2498598154525,"max":592.482053522478},"23":{"dtype":"number","min":388.6554651093064,"max":555.3350648638333},"24":{"dtype":"number","min":335.10910182900824,"max":529.6954821610776},"25":{"dtype":"number","min":334.7444438376622,"max":548.9050679643716},"26":{"dtype":"number","min":438.01736523068666,"max":577.6391925774587},"27":{"dtype":"number","min":460.2995594760828,"max":549.0109651502345},"28":{"dtype":"number","min":290.9123108029133,"max":509.16287784687955},"29":{"dtype":"number","min":383.7273313288103,"max":552.0043749000594},"30":{"dtype":"number","min":437.4958893476638,"max":577.8949072021722},"31":{"dtype":"number","min":539.2932802241215,"max":559.3034468756781},"32":{"dtype":"number","min":294.2983622114096,"max":549.6939663952089},"33":{"dtype":"number","min":463.08242530153507,"max":557.96807480602}},"outputs":{"0":{"dtype":"string","min":0,"max":1,"uniqueValues":["1","2"],"legend":{"1":[1,0],"2":[0,1]}}},"isNormalized":true}