{"inputUnits":[34],"outputUnits":2,"inputs":{"0":{"dtype":"number","min":251.9277287830851,"max":493.1551368520041},"1":{"dtype":"number","min":36.49604871723851,"max":166.3911768149214},"2":{"dtype":"number","min":276.76610697547363,"max":510.6395312452409},"3":{"dtype":"number","min":32.59750514932078,"max":132.45742113734312},"4":{"dtype":"number","min":258.50533803304035,"max":471.62733884815117},"5":{"dtype":"number","min":32.88925914504142,"max":128.7661439772935},"6":{"dtype":"number","min":351.9521767540052,"max":504.5961078844572},"7":{"dtype":"number","min":69.63194016127557,"max":159.6274782853749},"8":{"dtype":"number","min":245.82610905519005,"max":461.2895332024111},"9":{"dtype":"number","min":31.468436257881024,"max":162.53605952272173},"10":{"dtype":"number","min":366.0748189885249,"max":541.1731932641934},"11":{"dtype":"number","min":116.80715460526315,"max":337.3929225631624},"12":{"dtype":"number","min":166.03185345090154,"max":457.25033170763277},"13":{"dtype":"number","min":136.18489345379507,"max":346.5751686616715},"14":{"dtype":"number","min":388.3240567034448,"max":667.9449189243725},"15":{"dtype":"number","min":192.92184454191033,"max":413.88035051074405},"16":{"dtype":"number","min":62.302731519554094,"max":415.71627997980244},"17":{"dtype":"number","min":213.7365407367431,"max":501.93823028029055},"18":{"dtype":"number","min":163.61249124329922,"max":659.0128128616898},"19":{"dtype":"number","min":208.59298140914348,"max":416.09016879492566},"20":{"dtype":"number","min":3.1163670352095516,"max":557.4728316219694},"21":{"dtype":"number","min":106.20218079922026,"max":536.1123746459247},"22":{"dtype":"number","min":311.16143120659723,"max":567.0417901647021},"23":{"dtype":"number","min":277.5739453410544,"max":535.3641118873164},"24":{"dtype":"number","min":168.8394135294834,"max":478.93286626008984},"25":{"dtype":"number","min":307.2632157175164,"max":534.6430169118543},"26":{"dtype":"number","min":292.47906720196755,"max":580.8865668759709},"27":{"dtype":"number","min":279.5981019375152,"max":551.6720771417747},"28":{"dtype":"number","min":156.87275996217485,"max":487.4426293326632},"29":{"dtype":"number","min":414.80841415435015,"max":549.882179542824},"30":{"dtype":"number","min":278.6028450413754,"max":575.5411920677616},"31":{"dtype":"number","min":278.40693959018637,"max":558.4095107184515},"32":{"dtype":"number","min":130.38683796486657,"max":525.0922451800072},"33":{"dtype":"number","min":487.2118414865831,"max":562.9920688800179}},"outputs":{"0":{"dtype":"string","min":0,"max":1,"uniqueValues":["1","2"],"legend":{"1":[1,0],"2":[0,1]}}},"isNormalized":true}