{"inputUnits":[34],"outputUnits":2,"inputs":{"0":{"dtype":"number","min":305.2612251147889,"max":345.7305937947353},"1":{"dtype":"number","min":223.78431532118054,"max":268.40993899815726},"2":{"dtype":"number","min":332.3253222608659,"max":375.02138877705056},"3":{"dtype":"number","min":198.60133299353527,"max":239.71715871353592},"4":{"dtype":"number","min":301.3101801584106,"max":339.7545899657013},"5":{"dtype":"number","min":165.21132560268944,"max":242.9411437869304},"6":{"dtype":"number","min":435.68996883042837,"max":465.53286189921414},"7":{"dtype":"number","min":190.28167070236356,"max":202.74529946013035},"8":{"dtype":"number","min":278.10872410705446,"max":327.79002466629356},"9":{"dtype":"number","min":163.13974123949194,"max":261.44088135360505},"10":{"dtype":"number","min":502.44839495385594,"max":557.8517885561342},"11":{"dtype":"number","min":304.9898143864979,"max":343.4466183905945},"12":{"dtype":"number","min":273.2550405758863,"max":331.5617480659113},"13":{"dtype":"number","min":287.2985899332206,"max":357.4116878992865},"14":{"dtype":"number","min":500.19174438238605,"max":594.9405558625159},"15":{"dtype":"number","min":452.72205850999023,"max":535.6467436256929},"16":{"dtype":"number","min":244.47731568334626,"max":387.9393383122792},"17":{"dtype":"number","min":391.54408713298,"max":482.83246730038525},"18":{"dtype":"number","min":369.6212441368177,"max":538.3272940652412},"19":{"dtype":"number","min":329.20558163529483,"max":468.02152339942734},"20":{"dtype":"number","min":173.72152347081354,"max":386.36562652290445},"21":{"dtype":"number","min":278.44639471399853,"max":470.32290453102155},"22":{"dtype":"number","min":499.2120542210212,"max":557.9976707592344},"23":{"dtype":"number","min":520.6733760127314,"max":551.102337158679},"24":{"dtype":"number","min":278.7771115665547,"max":367.85126029864153},"25":{"dtype":"number","min":481.5508182518198,"max":552.5632653784799},"26":{"dtype":"number","min":495.1836346185695,"max":548.8446199591862},"27":{"dtype":"number","min":519.86480891356,"max":531.9326752482334},"28":{"dtype":"number","min":248.87793111522294,"max":379.83707383362173},"29":{"dtype":"number","min":528.420951501203,"max":539.2240101923951},"30":{"dtype":"number","min":495.1898797167207,"max":537.2891708284791},"31":{"dtype":"number","min":554.1482484456856,"max":558.194266982943},"32":{"dtype":"number","min":234.23631932070845,"max":379.23266362260887},"33":{"dtype":"number","min":533.2655170879401,"max":557.4045077913221}},"outputs":{"0":{"dtype":"string","min":0,"max":1,"uniqueValues":["1","2"],"legend":{"1":[1,0],"2":[0,1]}}},"isNormalized":true}