{"inputUnits":[34],"outputUnits":4,"inputs":{"0":{"dtype":"number","min":341.5929447047659,"max":410.43720803065605},"1":{"dtype":"number","min":123.83098163567556,"max":151.1492241753472},"2":{"dtype":"number","min":352.4770838568317,"max":419.60420645700793},"3":{"dtype":"number","min":113.27318693462169,"max":142.54905358624967},"4":{"dtype":"number","min":331.8694289060596,"max":397.7060654846548},"5":{"dtype":"number","min":116.12170481542395,"max":143.7011683056926},"6":{"dtype":"number","min":364.86012598227336,"max":434.12634717558325},"7":{"dtype":"number","min":125.3446737367507,"max":149.00867008558723},"8":{"dtype":"number","min":319.25248015926127,"max":384.7510830468369},"9":{"dtype":"number","min":128.2719793189571,"max":151.62209791514374},"10":{"dtype":"number","min":387.1714952256944,"max":469.11505805121527},"11":{"dtype":"number","min":168.51279929832174,"max":198.3075978091353},"12":{"dtype":"number","min":298.52868353414254,"max":364.654606452927},"13":{"dtype":"number","min":168.799229077196,"max":205.43749535990037},"14":{"dtype":"number","min":395.75845402351365,"max":549.630253663537},"15":{"dtype":"number","min":107.16366892437256,"max":207.8644720899199},"16":{"dtype":"number","min":234.71625969423883,"max":312.15479800575656},"17":{"dtype":"number","min":110.02174422057749,"max":217.6942012556347},"18":{"dtype":"number","min":356.39136658309724,"max":534.9517566465262},"19":{"dtype":"number","min":45.31649286519249,"max":229.22239426283807},"20":{"dtype":"number","min":242.62128893162537,"max":344.2210397106862},"21":{"dtype":"number","min":55.28406778971353,"max":158.32674498678878},"22":{"dtype":"number","min":370.30879089474445,"max":445.3305529618588},"23":{"dtype":"number","min":308.53870711596153,"max":354.9822200901559},"24":{"dtype":"number","min":317.90309764720774,"max":394.3483592845775},"25":{"dtype":"number","min":311.84352703726546,"max":358.060107612238},"26":{"dtype":"number","min":363.05610522889253,"max":456.4244531702112},"27":{"dtype":"number","min":382.5755265442251,"max":483.64478603905866},"28":{"dtype":"number","min":316.27375493040324,"max":390.7422921996832},"29":{"dtype":"number","min":387.0804838362725,"max":505.1439120941459},"30":{"dtype":"number","min":368.13415467855293,"max":453.08184469420075},"31":{"dtype":"number","min":442.1665264523749,"max":538.9098502785606},"32":{"dtype":"number","min":318.5661776953506,"max":401.42382199768895},"33":{"dtype":"number","min":430.09122435809576,"max":556.3949213158085}},"outputs":{"0":{"dtype":"string","min":0,"max":1,"uniqueValues":["1","2","3","4"],"legend":{"1":[1,0,0,0],"2":[0,1,0,0],"3":[0,0,1,0],"4":[0,0,0,1]}}},"isNormalized":true}