{"inputUnits":[34],"outputUnits":2,"inputs":{"0":{"dtype":"number","min":328.71100234241743,"max":344.44284301519855},"1":{"dtype":"number","min":81.77159805744014,"max":110.12312920702362},"2":{"dtype":"number","min":337.31575755812736,"max":354.6176352696112},"3":{"dtype":"number","min":74.71531412522461,"max":102.23080967834352},"4":{"dtype":"number","min":320.38317042716994,"max":335.07863362630206},"5":{"dtype":"number","min":71.96767885085433,"max":102.19798067624572},"6":{"dtype":"number","min":347.70682054188745,"max":366.4956004717196},"7":{"dtype":"number","min":80.52003276743153,"max":109.69490095885874},"8":{"dtype":"number","min":306.16689700596976,"max":322.38334075749265},"9":{"dtype":"number","min":82.02803539253813,"max":115.61760855929427},"10":{"dtype":"number","min":366.36612146686156,"max":388.52916159825014},"11":{"dtype":"number","min":135.565173946626,"max":152.12385805959124},"12":{"dtype":"number","min":287.1704393055936,"max":306.5226344058388},"13":{"dtype":"number","min":136.24565615291482,"max":153.73585780926382},"14":{"dtype":"number","min":410.5354924787555,"max":458.71744326913097},"15":{"dtype":"number","min":74.09700092516445,"max":166.95864850317525},"16":{"dtype":"number","min":216.48376732541803,"max":255.04114489341572},"17":{"dtype":"number","min":74.67856483385111,"max":169.18726097538223},"18":{"dtype":"number","min":365.7620197615893,"max":460.40685612788207},"19":{"dtype":"number","min":17.755725853159646,"max":104.88327532019065},"20":{"dtype":"number","min":225.00476978443285,"max":298.17171301293325},"21":{"dtype":"number","min":14.410473561426343,"max":107.62861404270222},"22":{"dtype":"number","min":355.42514763845105,"max":373.94846836261115},"23":{"dtype":"number","min":274.4604542752688,"max":300.7989543595044},"24":{"dtype":"number","min":294.4201802928545,"max":331.22712668852034},"25":{"dtype":"number","min":276.0324989006533,"max":300.0206212272421},"26":{"dtype":"number","min":350.88513528626794,"max":378.7920761852004},"27":{"dtype":"number","min":388.9865606058875,"max":420.7144526431435},"28":{"dtype":"number","min":290.1368799637168,"max":378.73479713008646},"29":{"dtype":"number","min":380.1231719643516,"max":421.6801889876873},"30":{"dtype":"number","min":326.4682964600085,"max":373.2824921189693},"31":{"dtype":"number","min":477.7002790425023,"max":530.2119936580546},"32":{"dtype":"number","min":256.3859189277039,"max":376.5404666655245},"33":{"dtype":"number","min":476.04200218156063,"max":521.4072794477377}},"outputs":{"0":{"dtype":"string","min":0,"max":1,"uniqueValues":["1","2"],"legend":{"1":[1,0],"2":[0,1]}}},"isNormalized":true}