{"inputUnits":[34],"outputUnits":2,"inputs":{"0":{"dtype":"number","min":355.95049703795075,"max":444.1324054799814},"1":{"dtype":"number","min":76.72651235123126,"max":174.23912539119607},"2":{"dtype":"number","min":357.34445434332355,"max":486.89318800065485},"3":{"dtype":"number","min":50.24511623568469,"max":98.95419799328778},"4":{"dtype":"number","min":341.22714706331664,"max":378.5615237646865},"5":{"dtype":"number","min":58.20017913163986,"max":112.3259819878472},"6":{"dtype":"number","min":405.5206971047682,"max":533.1790654887001},"7":{"dtype":"number","min":38.10676321881091,"max":148.3576783892239},"8":{"dtype":"number","min":269.9102003904346,"max":302.703060871444},"9":{"dtype":"number","min":74.6773411563033,"max":153.0943212081582},"10":{"dtype":"number","min":421.37473301580775,"max":598.5340914066306},"11":{"dtype":"number","min":117.54521122685185,"max":363.9235465661359},"12":{"dtype":"number","min":203.25038262975144,"max":333.27364380596674},"13":{"dtype":"number","min":185.72659914488912,"max":379.70217613681245},"14":{"dtype":"number","min":408.9905046905458,"max":661.2080963313231},"15":{"dtype":"number","min":189.63301154837507,"max":447.5732719317282},"16":{"dtype":"number","min":94.86230088023879,"max":372.52196551763524},"17":{"dtype":"number","min":265.95898604067673,"max":470.12721725374627},"18":{"dtype":"number","min":302.95871043065836,"max":679.8382865801657},"19":{"dtype":"number","min":194.8218133342661,"max":499.9862177144249},"20":{"dtype":"number","min":74.99098630908868,"max":621.1664496527777},"21":{"dtype":"number","min":155.72684423732943,"max":475.0258156105324},"22":{"dtype":"number","min":424.0566115351448,"max":598.59629047312},"23":{"dtype":"number","min":313.61373574180675,"max":552.9581622445328},"24":{"dtype":"number","min":194.09884506731237,"max":385.43312474300984},"25":{"dtype":"number","min":328.3215903120431,"max":549.9102348937394},"26":{"dtype":"number","min":441.1743388631423,"max":574.7752659966839},"27":{"dtype":"number","min":386.358829371878,"max":554.3742218909905},"28":{"dtype":"number","min":172.36726638169316,"max":383.9894663195396},"29":{"dtype":"number","min":332.2304976613898,"max":550.4758975380345},"30":{"dtype":"number","min":460.35253483881957,"max":571.4817432306895},"31":{"dtype":"number","min":429.5960519653082,"max":556.9865526046901},"32":{"dtype":"number","min":176.2750654610974,"max":402.07209834346065},"33":{"dtype":"number","min":372.70519710191274,"max":562.1280038101166}},"outputs":{"0":{"dtype":"string","min":0,"max":1,"uniqueValues":["1","2"],"legend":{"1":[1,0],"2":[0,1]}}},"isNormalized":true}